{
  "dataset": "squad_v2",
  "system": "fixed_512",
  "seed": 42,
  "retriever": "dense",
  "chunker": "fixed_512",
  "num_examples": 60,
  "num_documents": 35,
  "num_chunks": 164,
  "avg_chunk_tokens": 472.1585365853659,
  "avg_retrieval_latency_s": 0.015249735400000948,
  "avg_generation_latency_s": 0.675304513916626,
  "exact_match": 0.4,
  "exact_match_ci_low": 0.2833333333333333,
  "exact_match_ci_high": 0.517083333333333,
  "f1": 0.5374268484640001,
  "f1_ci_low": 0.4374458402579533,
  "f1_ci_high": 0.6439385314333068,
  "recall_at_k": 0.9,
  "recall_at_k_ci_low": 0.8166666666666667,
  "recall_at_k_ci_high": 0.9666666666666667,
  "precision_at_k": 0.6375,
  "precision_at_k_ci_low": 0.5541666666666667,
  "precision_at_k_ci_high": 0.7208333333333333,
  "supporting_doc_coverage": 0.9,
  "supporting_doc_coverage_ci_low": 0.8166666666666667,
  "supporting_doc_coverage_ci_high": 0.9666666666666667,
  "all_supporting_docs_found": 0.9,
  "all_supporting_docs_found_ci_low": 0.8166666666666667,
  "all_supporting_docs_found_ci_high": 0.9666666666666667
}