{
  "dataset": "squad_v2",
  "system": "fixed_128",
  "seed": 42,
  "retriever": "dense",
  "chunker": "fixed_128",
  "num_examples": 60,
  "num_documents": 35,
  "num_chunks": 631,
  "avg_chunk_tokens": 125.2852614896989,
  "avg_retrieval_latency_s": 0.023728269433361978,
  "avg_generation_latency_s": 0.6139753285167217,
  "exact_match": 0.38333333333333336,
  "exact_match_ci_low": 0.26666666666666666,
  "exact_match_ci_high": 0.5166666666666667,
  "f1": 0.5071188236714552,
  "f1_ci_low": 0.4014194891609365,
  "f1_ci_high": 0.606094787157287,
  "recall_at_k": 0.95,
  "recall_at_k_ci_low": 0.8833333333333333,
  "recall_at_k_ci_high": 1.0,
  "precision_at_k": 0.7708333333333334,
  "precision_at_k_ci_low": 0.6873958333333334,
  "precision_at_k_ci_high": 0.8416666666666667,
  "supporting_doc_coverage": 0.95,
  "supporting_doc_coverage_ci_low": 0.8833333333333333,
  "supporting_doc_coverage_ci_high": 1.0,
  "all_supporting_docs_found": 0.95,
  "all_supporting_docs_found_ci_low": 0.8833333333333333,
  "all_supporting_docs_found_ci_high": 1.0
}