{
  "dataset": "hotpot_qa",
  "system": "recursive_256",
  "seed": 42,
  "retriever": "dense",
  "chunker": "recursive_256",
  "num_examples": 30,
  "num_documents": 300,
  "num_chunks": 313,
  "avg_chunk_tokens": 113.56549520766774,
  "avg_retrieval_latency_s": 0.012529577700024674,
  "avg_generation_latency_s": 0.3427594749000491,
  "exact_match": 0.16666666666666666,
  "exact_match_ci_low": 0.03333333333333333,
  "exact_match_ci_high": 0.3,
  "f1": 0.3161389195599722,
  "f1_ci_low": 0.18838882243487506,
  "f1_ci_high": 0.44878415225125734,
  "recall_at_k": 0.7666666666666667,
  "recall_at_k_ci_low": 0.6666666666666666,
  "recall_at_k_ci_high": 0.85,
  "precision_at_k": 0.425,
  "precision_at_k_ci_low": 0.35833333333333334,
  "precision_at_k_ci_high": 0.48333333333333334,
  "supporting_doc_coverage": 0.7666666666666667,
  "supporting_doc_coverage_ci_low": 0.6666666666666666,
  "supporting_doc_coverage_ci_high": 0.85,
  "all_supporting_docs_found": 0.5333333333333333,
  "all_supporting_docs_found_ci_low": 0.3333333333333333,
  "all_supporting_docs_found_ci_high": 0.7
}