{
  "dataset": "hotpot_qa",
  "system": "semantic_256",
  "seed": 42,
  "retriever": "dense",
  "chunker": "semantic_256",
  "num_examples": 30,
  "num_documents": 300,
  "num_chunks": 363,
  "avg_chunk_tokens": 97.15977961432507,
  "avg_retrieval_latency_s": 0.01216009463332739,
  "avg_generation_latency_s": 0.30669235003333595,
  "exact_match": 0.2,
  "exact_match_ci_low": 0.06666666666666667,
  "exact_match_ci_high": 0.3333333333333333,
  "f1": 0.32686042028147294,
  "f1_ci_low": 0.19335119047619048,
  "f1_ci_high": 0.4739265873015873,
  "recall_at_k": 0.7666666666666667,
  "recall_at_k_ci_low": 0.6666666666666666,
  "recall_at_k_ci_high": 0.85,
  "precision_at_k": 0.425,
  "precision_at_k_ci_low": 0.36666666666666664,
  "precision_at_k_ci_high": 0.49166666666666664,
  "supporting_doc_coverage": 0.7666666666666667,
  "supporting_doc_coverage_ci_low": 0.6666666666666666,
  "supporting_doc_coverage_ci_high": 0.85,
  "all_supporting_docs_found": 0.5333333333333333,
  "all_supporting_docs_found_ci_low": 0.3333333333333333,
  "all_supporting_docs_found_ci_high": 0.7
}