{
  "dataset": "squad_v2",
  "system": "fixed_128",
  "seed": 42,
  "retriever": "dense",
  "chunker": "fixed_128",
  "num_examples": 60,
  "num_documents": 35,
  "num_chunks": 631,
  "avg_chunk_tokens": 125.2852614896989,
  "avg_retrieval_latency_s": 0.024812409683333196,
  "avg_generation_latency_s": 0.6479139493666783,
  "exact_match": 0.016666666666666666,
  "exact_match_ci_low": 0.0,
  "exact_match_ci_high": 0.05,
  "f1": 0.21023430595139456,
  "f1_ci_low": 0.16359026424614348,
  "f1_ci_high": 0.25550596603263115,
  "recall_at_k": 0.95,
  "recall_at_k_ci_low": 0.8833333333333333,
  "recall_at_k_ci_high": 1.0,
  "precision_at_k": 0.7708333333333334,
  "precision_at_k_ci_low": 0.6873958333333334,
  "precision_at_k_ci_high": 0.8416666666666667,
  "supporting_doc_coverage": 0.95,
  "supporting_doc_coverage_ci_low": 0.8833333333333333,
  "supporting_doc_coverage_ci_high": 1.0,
  "all_supporting_docs_found": 0.95,
  "all_supporting_docs_found_ci_low": 0.8833333333333333,
  "all_supporting_docs_found_ci_high": 1.0
}