{
  "dataset": "squad_v2",
  "system": "recursive_256",
  "seed": 42,
  "retriever": "dense",
  "chunker": "recursive_256",
  "num_examples": 60,
  "num_documents": 35,
  "num_chunks": 389,
  "avg_chunk_tokens": 175.83033419023135,
  "avg_retrieval_latency_s": 0.013392807050017079,
  "avg_generation_latency_s": 0.6884085631500056,
  "exact_match": 0.03333333333333333,
  "exact_match_ci_low": 0.0,
  "exact_match_ci_high": 0.08333333333333333,
  "f1": 0.19369819686578052,
  "f1_ci_low": 0.14017318164804285,
  "f1_ci_high": 0.24919408024161885,
  "recall_at_k": 0.9166666666666666,
  "recall_at_k_ci_low": 0.8333333333333334,
  "recall_at_k_ci_high": 0.9833333333333333,
  "precision_at_k": 0.725,
  "precision_at_k_ci_low": 0.6332291666666667,
  "precision_at_k_ci_high": 0.8041666666666667,
  "supporting_doc_coverage": 0.9166666666666666,
  "supporting_doc_coverage_ci_low": 0.8333333333333334,
  "supporting_doc_coverage_ci_high": 0.9833333333333333,
  "all_supporting_docs_found": 0.9166666666666666,
  "all_supporting_docs_found_ci_low": 0.8333333333333334,
  "all_supporting_docs_found_ci_high": 0.9833333333333333
}