{
  "dataset": "squad_v2",
  "system": "chonkie_semantic_256",
  "num_documents": 35,
  "num_examples": 60,
  "num_chunks": 666,
  "avg_chunk_tokens": 101.52852852852853,
  "exact_match": 0.65,
  "f1": 0.7705116996293467,
  "recall_at_k": 0.9,
  "precision_at_k": 0.7291666666666666,
  "avg_retrieval_latency_s": 0.004792590983379341,
  "avg_generation_latency_s": 0.1375762299166733
}