{
  "dataset": "squad_v2",
  "system": "semantic_256",
  "num_documents": 35,
  "num_examples": 60,
  "num_chunks": 467,
  "avg_chunk_tokens": 144.79229122055673,
  "exact_match": 0.7666666666666667,
  "f1": 0.8540037631214101,
  "recall_at_k": 0.95,
  "precision_at_k": 0.7708333333333334,
  "avg_retrieval_latency_s": 0.004585545133401562,
  "avg_generation_latency_s": 0.129814534650086
}