{
  "dataset": "hotpot_qa",
  "system": "fixed_512",
  "seed": 42,
  "retriever": "dense",
  "chunker": "fixed_512",
  "num_examples": 30,
  "num_documents": 300,
  "num_chunks": 301,
  "avg_chunk_tokens": 117.37873754152824,
  "avg_retrieval_latency_s": 0.012641951533381265,
  "avg_generation_latency_s": 0.367770911100024,
  "exact_match": 0.2,
  "exact_match_ci_low": 0.06666666666666667,
  "exact_match_ci_high": 0.3333333333333333,
  "f1": 0.35731927114280054,
  "f1_ci_low": 0.21898737373737376,
  "f1_ci_high": 0.49676591899386013,
  "recall_at_k": 0.7666666666666667,
  "recall_at_k_ci_low": 0.6666666666666666,
  "recall_at_k_ci_high": 0.85,
  "precision_at_k": 0.4166666666666667,
  "precision_at_k_ci_low": 0.35833333333333334,
  "precision_at_k_ci_high": 0.48333333333333334,
  "supporting_doc_coverage": 0.7666666666666667,
  "supporting_doc_coverage_ci_low": 0.6666666666666666,
  "supporting_doc_coverage_ci_high": 0.85,
  "all_supporting_docs_found": 0.5333333333333333,
  "all_supporting_docs_found_ci_low": 0.3333333333333333,
  "all_supporting_docs_found_ci_high": 0.7
}