{
  "dataset": "hotpot_qa",
  "system": "semantic_256",
  "seed": 42,
  "retriever": "dense",
  "chunker": "semantic_256",
  "num_examples": 30,
  "num_documents": 300,
  "num_chunks": 363,
  "avg_chunk_tokens": 97.15977961432507,
  "avg_retrieval_latency_s": 0.012947143100003207,
  "avg_generation_latency_s": 0.35090669173338634,
  "exact_match": 0.23333333333333334,
  "exact_match_ci_low": 0.1,
  "exact_match_ci_high": 0.36666666666666664,
  "f1": 0.4238552188552189,
  "f1_ci_low": 0.286344696969697,
  "f1_ci_high": 0.5714898989898989,
  "recall_at_k": 0.7666666666666667,
  "recall_at_k_ci_low": 0.6666666666666666,
  "recall_at_k_ci_high": 0.85,
  "precision_at_k": 0.425,
  "precision_at_k_ci_low": 0.36666666666666664,
  "precision_at_k_ci_high": 0.49166666666666664,
  "supporting_doc_coverage": 0.7666666666666667,
  "supporting_doc_coverage_ci_low": 0.6666666666666666,
  "supporting_doc_coverage_ci_high": 0.85,
  "all_supporting_docs_found": 0.5333333333333333,
  "all_supporting_docs_found_ci_low": 0.3333333333333333,
  "all_supporting_docs_found_ci_high": 0.7
}