{
  "dataset": "squad_v2",
  "system": "fixed_256",
  "seed": 42,
  "retriever": "dense",
  "chunker": "fixed_256",
  "num_examples": 60,
  "num_documents": 35,
  "num_chunks": 322,
  "avg_chunk_tokens": 244.01863354037266,
  "avg_retrieval_latency_s": 0.004669296599907587,
  "avg_generation_latency_s": 0.10544508409996828,
  "exact_match": 0.5333333333333333,
  "exact_match_ci_low": 0.4,
  "exact_match_ci_high": 0.65,
  "f1": 0.619202172096909,
  "f1_ci_low": 0.5003072263993317,
  "f1_ci_high": 0.7259818295739348,
  "recall_at_k": 0.8833333333333333,
  "recall_at_k_ci_low": 0.7833333333333333,
  "recall_at_k_ci_high": 0.95,
  "precision_at_k": 0.7375,
  "precision_at_k_ci_low": 0.6416666666666667,
  "precision_at_k_ci_high": 0.8166666666666667,
  "supporting_doc_coverage": 0.8833333333333333,
  "supporting_doc_coverage_ci_low": 0.7833333333333333,
  "supporting_doc_coverage_ci_high": 0.95,
  "all_supporting_docs_found": 0.8833333333333333,
  "all_supporting_docs_found_ci_low": 0.7833333333333333,
  "all_supporting_docs_found_ci_high": 0.95
}