{
  "dataset": "squad_v2",
  "system": "fixed_512",
  "num_documents": 35,
  "num_examples": 60,
  "num_chunks": 164,
  "avg_chunk_tokens": 472.1585365853659,
  "exact_match": 0.4666666666666667,
  "f1": 0.5341151332327803,
  "recall_at_k": 0.9333333333333333,
  "precision_at_k": 0.65,
  "avg_retrieval_latency_s": 0.0048225728831918484,
  "avg_generation_latency_s": 0.10998426943330439
}