{
  "dataset": "squad_v2",
  "system": "sentence_256",
  "seed": 42,
  "retriever": "dense",
  "chunker": "sentence_256",
  "num_examples": 60,
  "num_documents": 35,
  "num_chunks": 302,
  "avg_chunk_tokens": 223.90066225165563,
  "avg_retrieval_latency_s": 0.004689894516620067,
  "avg_generation_latency_s": 0.0924318791834897,
  "exact_match": 0.65,
  "exact_match_ci_low": 0.532916666666667,
  "exact_match_ci_high": 0.7666666666666667,
  "f1": 0.7242857142857143,
  "f1_ci_low": 0.6077777777777776,
  "f1_ci_high": 0.8196865079365079,
  "recall_at_k": 0.8666666666666667,
  "recall_at_k_ci_low": 0.7666666666666667,
  "recall_at_k_ci_high": 0.95,
  "precision_at_k": 0.7208333333333333,
  "precision_at_k_ci_low": 0.6208333333333333,
  "precision_at_k_ci_high": 0.8041666666666667,
  "supporting_doc_coverage": 0.8666666666666667,
  "supporting_doc_coverage_ci_low": 0.7666666666666667,
  "supporting_doc_coverage_ci_high": 0.95,
  "all_supporting_docs_found": 0.8666666666666667,
  "all_supporting_docs_found_ci_low": 0.7666666666666667,
  "all_supporting_docs_found_ci_high": 0.95
}