{
  "dataset": "squad_v2",
  "system": "fixed_128",
  "seed": 42,
  "retriever": "dense",
  "chunker": "fixed_128",
  "num_examples": 60,
  "num_documents": 35,
  "num_chunks": 631,
  "avg_chunk_tokens": 125.2852614896989,
  "avg_retrieval_latency_s": 0.01919524368333517,
  "avg_generation_latency_s": 0.30975743746666545,
  "exact_match": 0.35,
  "exact_match_ci_low": 0.23333333333333334,
  "exact_match_ci_high": 0.4666666666666667,
  "f1": 0.5190307584727286,
  "f1_ci_low": 0.41126469683098354,
  "f1_ci_high": 0.6184632666314914,
  "recall_at_k": 0.95,
  "recall_at_k_ci_low": 0.8833333333333333,
  "recall_at_k_ci_high": 1.0,
  "precision_at_k": 0.7708333333333334,
  "precision_at_k_ci_low": 0.6873958333333334,
  "precision_at_k_ci_high": 0.8416666666666667,
  "supporting_doc_coverage": 0.95,
  "supporting_doc_coverage_ci_low": 0.8833333333333333,
  "supporting_doc_coverage_ci_high": 1.0,
  "all_supporting_docs_found": 0.95,
  "all_supporting_docs_found_ci_low": 0.8833333333333333,
  "all_supporting_docs_found_ci_high": 1.0
}