{
  "dataset": "squad_v2",
  "system": "semantic_256",
  "seed": 42,
  "retriever": "dense",
  "chunker": "semantic_256",
  "num_examples": 60,
  "num_documents": 35,
  "num_chunks": 467,
  "avg_chunk_tokens": 144.79229122055673,
  "avg_retrieval_latency_s": 0.012595241716652102,
  "avg_generation_latency_s": 0.37723936943334974,
  "exact_match": 0.38333333333333336,
  "exact_match_ci_low": 0.25,
  "exact_match_ci_high": 0.5166666666666667,
  "f1": 0.5315293182335252,
  "f1_ci_low": 0.41618017896882614,
  "f1_ci_high": 0.6377772047775455,
  "recall_at_k": 0.95,
  "recall_at_k_ci_low": 0.8833333333333333,
  "recall_at_k_ci_high": 1.0,
  "precision_at_k": 0.7458333333333333,
  "precision_at_k_ci_low": 0.6583333333333333,
  "precision_at_k_ci_high": 0.8208333333333333,
  "supporting_doc_coverage": 0.95,
  "supporting_doc_coverage_ci_low": 0.8833333333333333,
  "supporting_doc_coverage_ci_high": 1.0,
  "all_supporting_docs_found": 0.95,
  "all_supporting_docs_found_ci_low": 0.8833333333333333,
  "all_supporting_docs_found_ci_high": 1.0
}