{
  "dataset": "hotpot_qa",
  "system": "recursive_256",
  "seed": 42,
  "retriever": "dense",
  "chunker": "recursive_256",
  "num_examples": 30,
  "num_documents": 300,
  "num_chunks": 313,
  "avg_chunk_tokens": 113.56549520766774,
  "avg_retrieval_latency_s": 0.013777743133338542,
  "avg_generation_latency_s": 0.6513732915333246,
  "exact_match": 0.03333333333333333,
  "exact_match_ci_low": 0.0,
  "exact_match_ci_high": 0.1,
  "f1": 0.18836429860583806,
  "f1_ci_low": 0.11656102029576061,
  "f1_ci_high": 0.26920645940139243,
  "recall_at_k": 0.7666666666666667,
  "recall_at_k_ci_low": 0.6666666666666666,
  "recall_at_k_ci_high": 0.85,
  "precision_at_k": 0.425,
  "precision_at_k_ci_low": 0.35833333333333334,
  "precision_at_k_ci_high": 0.48333333333333334,
  "supporting_doc_coverage": 0.7666666666666667,
  "supporting_doc_coverage_ci_low": 0.6666666666666666,
  "supporting_doc_coverage_ci_high": 0.85,
  "all_supporting_docs_found": 0.5333333333333333,
  "all_supporting_docs_found_ci_low": 0.3333333333333333,
  "all_supporting_docs_found_ci_high": 0.7
}