{
  "dataset": "hotpot_qa",
  "system": "fixed_512",
  "seed": 42,
  "retriever": "dense",
  "chunker": "fixed_512",
  "num_examples": 30,
  "num_documents": 300,
  "num_chunks": 301,
  "avg_chunk_tokens": 117.37873754152824,
  "avg_retrieval_latency_s": 0.004760859666384931,
  "avg_generation_latency_s": 0.10219676516656667,
  "exact_match": 0.3333333333333333,
  "exact_match_ci_low": 0.16666666666666666,
  "exact_match_ci_high": 0.5,
  "f1": 0.40444444444444444,
  "f1_ci_low": 0.25555555555555554,
  "f1_ci_high": 0.5711111111111111,
  "recall_at_k": 0.7666666666666667,
  "recall_at_k_ci_low": 0.6666666666666666,
  "recall_at_k_ci_high": 0.85,
  "precision_at_k": 0.4166666666666667,
  "precision_at_k_ci_low": 0.35833333333333334,
  "precision_at_k_ci_high": 0.48333333333333334,
  "supporting_doc_coverage": 0.7666666666666667,
  "supporting_doc_coverage_ci_low": 0.6666666666666666,
  "supporting_doc_coverage_ci_high": 0.85,
  "all_supporting_docs_found": 0.5333333333333333,
  "all_supporting_docs_found_ci_low": 0.3333333333333333,
  "all_supporting_docs_found_ci_high": 0.7
}