{
  "dataset": "hotpot_qa",
  "system": "fixed_256",
  "num_documents": 291,
  "num_examples": 30,
  "num_chunks": 310,
  "avg_chunk_tokens": 117.29354838709678,
  "exact_match": 0.36666666666666664,
  "f1": 0.4477777777777778,
  "recall_at_k": 1.0,
  "precision_at_k": 0.4666666666666667,
  "avg_retrieval_latency_s": 0.004859441633258636,
  "avg_generation_latency_s": 0.10435222770011024
}