{
  "dataset": "hotpot_qa",
  "system": "fixed_256",
  "seed": 42,
  "retriever": "dense",
  "chunker": "fixed_256",
  "num_examples": 30,
  "num_documents": 300,
  "num_chunks": 313,
  "avg_chunk_tokens": 114.22683706070288,
  "avg_retrieval_latency_s": 0.004704323666737764,
  "avg_generation_latency_s": 0.11340495269984482,
  "exact_match": 0.3333333333333333,
  "exact_match_ci_low": 0.16666666666666666,
  "exact_match_ci_high": 0.5,
  "f1": 0.40444444444444444,
  "f1_ci_low": 0.24444444444444444,
  "f1_ci_high": 0.5777777777777777,
  "recall_at_k": 0.75,
  "recall_at_k_ci_low": 0.65,
  "recall_at_k_ci_high": 0.8333333333333334,
  "precision_at_k": 0.4083333333333333,
  "precision_at_k_ci_low": 0.35,
  "precision_at_k_ci_high": 0.475,
  "supporting_doc_coverage": 0.75,
  "supporting_doc_coverage_ci_low": 0.65,
  "supporting_doc_coverage_ci_high": 0.8333333333333334,
  "all_supporting_docs_found": 0.5,
  "all_supporting_docs_found_ci_low": 0.3,
  "all_supporting_docs_found_ci_high": 0.6666666666666666
}