{
  "dataset": "hotpot_qa",
  "system": "fixed_128",
  "seed": 42,
  "retriever": "dense",
  "chunker": "fixed_128",
  "num_examples": 30,
  "num_documents": 300,
  "num_chunks": 421,
  "avg_chunk_tokens": 89.2541567695962,
  "avg_retrieval_latency_s": 0.011840547166442169,
  "avg_generation_latency_s": 0.12549191670010865,
  "exact_match": 0.3,
  "exact_match_ci_low": 0.13333333333333333,
  "exact_match_ci_high": 0.4666666666666667,
  "f1": 0.3711111111111111,
  "f1_ci_low": 0.21555555555555556,
  "f1_ci_high": 0.5488888888888889,
  "recall_at_k": 0.75,
  "recall_at_k_ci_low": 0.6666666666666666,
  "recall_at_k_ci_high": 0.8333333333333334,
  "precision_at_k": 0.425,
  "precision_at_k_ci_low": 0.3581250000000002,
  "precision_at_k_ci_high": 0.49166666666666664,
  "supporting_doc_coverage": 0.75,
  "supporting_doc_coverage_ci_low": 0.6666666666666666,
  "supporting_doc_coverage_ci_high": 0.8333333333333334,
  "all_supporting_docs_found": 0.5,
  "all_supporting_docs_found_ci_low": 0.3333333333333333,
  "all_supporting_docs_found_ci_high": 0.6666666666666666
}