{
  "dataset": "hotpot_qa",
  "system": "sentence_256",
  "num_documents": 291,
  "num_examples": 30,
  "num_chunks": 310,
  "avg_chunk_tokens": 114.96451612903226,
  "exact_match": 0.36666666666666664,
  "f1": 0.4969047619047619,
  "recall_at_k": 1.0,
  "precision_at_k": 0.4666666666666667,
  "avg_retrieval_latency_s": 0.004606327800077755,
  "avg_generation_latency_s": 0.0866554707996329
}