{
  "dataset": "hotpot_qa",
  "system": "sentence_256",
  "seed": 42,
  "retriever": "dense",
  "chunker": "sentence_256",
  "num_examples": 30,
  "num_documents": 300,
  "num_chunks": 313,
  "avg_chunk_tokens": 112.68051118210863,
  "avg_retrieval_latency_s": 0.004717541599772327,
  "avg_generation_latency_s": 0.09372334996678547,
  "exact_match": 0.3333333333333333,
  "exact_match_ci_low": 0.16666666666666666,
  "exact_match_ci_high": 0.5,
  "f1": 0.4465232974910394,
  "f1_ci_low": 0.2866666666666667,
  "f1_ci_high": 0.611111111111111,
  "recall_at_k": 0.7666666666666667,
  "recall_at_k_ci_low": 0.6666666666666666,
  "recall_at_k_ci_high": 0.85,
  "precision_at_k": 0.4166666666666667,
  "precision_at_k_ci_low": 0.3581250000000002,
  "precision_at_k_ci_high": 0.48333333333333334,
  "supporting_doc_coverage": 0.7666666666666667,
  "supporting_doc_coverage_ci_low": 0.6666666666666666,
  "supporting_doc_coverage_ci_high": 0.85,
  "all_supporting_docs_found": 0.5333333333333333,
  "all_supporting_docs_found_ci_low": 0.3333333333333333,
  "all_supporting_docs_found_ci_high": 0.7
}